Variable,Group,Description,Unit / format,Data type,Transformation,Risk direction,Source institution,Source URL or DOI,Reference year / period,Spatial resolution / municipal processing,Documentation / validation notes
id_unificado,Identification,Unified municipal identifier used for joins.,Code,Text,Leading zeros may be removed in numeric versions.,Not applicable,DANE,https://ags.esri.co/arcgis/rest/services/LivingAtlas/Censo_sectores_2018/MapServer,CNPV 2018 service; DIVIPOLA update date not specified,Municipality,The source documentation defines the code as the unique DANE municipality identifier.
COD_MPIO_DIVIPOLA,Identification,Official five-character DIVIPOLA municipal code.,5-character code,Text,Preserved as text.,Not applicable,DANE,https://ags.esri.co/arcgis/rest/services/LivingAtlas/Censo_sectores_2018/MapServer,CNPV 2018 service; DIVIPOLA update date not specified,Municipality,The source documentation defines the code as the unique DANE municipality identifier.
codigo_departamento_divipola,Identification,DIVIPOLA department code.,Integer code,Integer,None.,Not applicable,DANE,https://ags.esri.co/arcgis/rest/services/LivingAtlas/Censo_sectores_2018/MapServer,CNPV 2018 service; DIVIPOLA update date not specified,Municipality,The source documentation defines the code as the unique DANE municipality identifier.
nombre_departamento,Identification,Official department name.,Text,Text,None.,Not applicable,DANE,https://ags.esri.co/arcgis/rest/services/LivingAtlas/Censo_sectores_2018/MapServer,CNPV 2018 service; DIVIPOLA update date not specified,Municipality,The source documentation defines the code as the unique DANE municipality identifier.
nombre_municipio,Identification,Official municipality or territorial entity name.,Text,Text,None.,Not applicable,DANE,https://ags.esri.co/arcgis/rest/services/LivingAtlas/Censo_sectores_2018/MapServer,CNPV 2018 service; DIVIPOLA update date not specified,Municipality,The source documentation defines the code as the unique DANE municipality identifier.
tipo_entidad_divipola,Identification,Type of territorial entity in DIVIPOLA.,Category,Text,None.,Not applicable,DANE,https://ags.esri.co/arcgis/rest/services/LivingAtlas/Censo_sectores_2018/MapServer,CNPV 2018 service; DIVIPOLA update date not specified,Municipality,The source documentation defines the code as the unique DANE municipality identifier.
longitud_divipola,Identification,Reference longitude for the territorial entity.,Decimal degrees,Number,None.,Not applicable,DANE,https://ags.esri.co/arcgis/rest/services/LivingAtlas/Censo_sectores_2018/MapServer,CNPV 2018 service; DIVIPOLA update date not specified,Municipality,The source documentation defines the code as the unique DANE municipality identifier.
latitud_divipola,Identification,Reference latitude for the territorial entity.,Decimal degrees,Number,None.,Not applicable,DANE,https://ags.esri.co/arcgis/rest/services/LivingAtlas/Censo_sectores_2018/MapServer,CNPV 2018 service; DIVIPOLA update date not specified,Municipality,The source documentation defines the code as the unique DANE municipality identifier.
nota_divipola,Identification,Notes inherited from the DIVIPOLA reference table.,Text,Text,None.,Not applicable,DANE,https://ags.esri.co/arcgis/rest/services/LivingAtlas/Censo_sectores_2018/MapServer,CNPV 2018 service; DIVIPOLA update date not specified,Municipality,The source documentation defines the code as the unique DANE municipality identifier.
area_m2,Territorial availability,Municipal area used in the spatial calculation.,m2,Number,Own GIS calculation from each municipal polygon.,Not applicable,Own GIS calculation; Observadores Colombia municipal reference,https://observadorescol.org/mapa-demografico-de-colombia/,Not specified,Municipal polygon; Area calculated for each municipal polygon,Municipal area calculated by the authors from the polygon geometry.
pixeles_con_viento,Territorial availability,Count of municipal pixels meeting the wind criterion after spatial processing.,Pixel count,Integer,Own count of 250 × 250 m wind pixels contained in the municipality.,Not applicable,Global Wind Atlas; own GIS calculation,https://globalwindatlas.info/en/area/Colombia,Global Wind Atlas product; extraction period not specified,250 × 250 m pixels; mean wind speed at 50 m; Pixel overlay by municipality,Calculated by the authors from Global Wind Atlas mean wind speed at 50 m.
pixeles_con_viento_tocan_al_mpio,Territorial availability,Count of wind-eligible pixels intersecting the municipality.,Pixel count,Integer,Own count of 250 × 250 m wind pixels that intersect the municipal polygon.,Not applicable,Global Wind Atlas; own GIS calculation,https://globalwindatlas.info/en/area/Colombia,Global Wind Atlas product; extraction period not specified,250 × 250 m pixels; mean wind speed at 50 m; Pixel overlay by municipality,Includes pixels that touch or intersect the municipal boundary.
densidad_pixeles_general,Territorial availability,General pixel-density indicator from the source spatial workflow.,%,Number,"pixeles_con_viento_tocan_al_mpio × 62,500 m² / area_m2 × 100.",Not applicable,Global Wind Atlas; own GIS calculation,https://globalwindatlas.info/en/area/Colombia,Global Wind Atlas product; extraction period not specified,250 × 250 m pixels; mean wind speed at 50 m; Pixel overlay by municipality,Percentage of municipal area represented by all 250 × 250 m wind pixels intersecting the municipality.
area_reserva_campesina_ha,Socio-territorial profile,Area associated with peasant reserve zones.,ha,Number,Own GIS intersection and area calculation by municipality.,Not assigned to risk,Agencia Nacional de Tierras (ANT),https://data-agenciadetierras.opendata.arcgis.com/datasets/agenciadetierras::zonas-de-reserva-campesina-constituida/explore?location=5.251750%2C-73.711963%2C7,Current constituted peasant reserve layer,"Vector polygons; Intersected area by municipality, expressed in hectares",Calculated from the overlap between constituted peasant reserve polygons and municipal polygons.
indice_pobreza_multidimensional,Socio-territorial profile,Multidimensional poverty index.,Source scale,Number,None in risk score.,Not assigned to risk,DANE,https://www.dane.gov.co/index.php/estadisticas-por-tema/pobreza-y-condiciones-de-vida/pobreza-multidimensional,2025,Municipality; Municipal value,Municipal multidimensional poverty information reported by DANE for 2025.
asesinatos_100k_habitantes,Security context,"Homicides per 100,000 inhabitants.","Rate per 100,000",Number,"2025 homicide count / municipal population × 100,000.",Not assigned to risk,Policía Nacional; DANE population,https://www.policia.gov.co/estadistica-delictiva,2025,"Municipal crime records; Homicides / municipal population × 100,000",Rate constructed by the authors from 2025 Police homicide records and municipal population.
grupos_armados_en_el_mpio,Security risk input,Names or codes of armed groups reported in the municipality.,Text category,Text,"Web scraping, JSON extraction, name cleaning and municipal assignment.",Presence indicates higher exposure,Fundación Paz & Reconciliación (PARES),https://www.pares.com.co/balance-de-grupos-armados-2025/,Balance de grupos armados 2025,Municipality after JSON extraction and cleaning; Presence and count by municipality,Authors extracted the page JSON and cleaned the armed-group records by municipality.
cantidad_grupos_armados_en_el_mpio,Security risk input,Number of armed groups reported in the municipality.,Count,Number,Count of cleaned armed-group records by municipality; median imputation and population z-score for risk.,Higher means higher risk,Fundación Paz & Reconciliación (PARES),https://www.pares.com.co/balance-de-grupos-armados-2025/,Balance de grupos armados 2025,Municipality after JSON extraction and cleaning; Presence and count by municipality,Count derived from the cleaned PARES JSON records.
es_zomac,Socio-territorial profile,Indicator of whether the municipality is classified as ZOMAC.,0/1,Number,None in risk score.,Not assigned to risk,Obras por Impuestos; ART classifications,https://www.obrasximpuestos.com/municipios-pdet-zomac/,Classification consulted for the study,Municipality; Boolean municipal classification,Municipality classified as ZOMAC or PDET according to the consulted list.
es_pdet,Socio-territorial profile,Indicator of whether the municipality belongs to a PDET territory.,0/1,Number,None in risk score.,Not assigned to risk,Obras por Impuestos; ART classifications,https://www.obrasximpuestos.com/municipios-pdet-zomac/,Classification consulted for the study,Municipality; Boolean municipal classification,Municipality classified as ZOMAC or PDET according to the consulted list.
zomac_priorizados_art_170,Socio-territorial profile,Indicator derived from the reported ZOMAC priority list.,0/1,Number,Reclassified and used as a ZOMAC boolean indicator.,Not assigned to risk,Obras por Impuestos; ART classifications,https://www.obrasximpuestos.com/municipios-pdet-zomac/,Classification consulted for the study,Municipality; Boolean municipal classification,The 170- and 52-municipality lists were treated simply as boolean ZOMAC indicators.
zomac_priorizados_art_52,Socio-territorial profile,Indicator derived from the reported ZOMAC priority list.,0/1,Number,Reclassified and used as a ZOMAC boolean indicator.,Not assigned to risk,Obras por Impuestos; ART classifications,https://www.obrasximpuestos.com/municipios-pdet-zomac/,Classification consulted for the study,Municipality; Boolean municipal classification,The 170- and 52-municipality lists were treated simply as boolean ZOMAC indicators.
densidad_cultivos_coca_ha_km2,Security risk input,Density of coca crops relative to municipal area.,ha/km2,Number,Own municipal calculation from the UNODC coca-density layer.,Higher means higher risk,UNODC,https://geoserver.unodc.org.co/geoserver/Censo/wms?service=WMS&version=1.1.0&request=GetMap&layers=Censo%3Acen_densidad_2023&bbox=-79.00392096125174%2C-0.9980765721349676%2C-68.79985023073613%2C11.221702906715691&width=641&height=768&srs=EPSG%3A4326&styles=&format=application/openlayers,2023; layer Censo:cen_densidad_2023,250 × 250 m pixels; WMS in EPSG:4326; Coca-density pixels summarized by municipal area,Municipal coca density derived from the 2023 UNODC layer.
dist_min_coca_km,Security risk input,Minimum distance from the municipality reference geometry to coca crops.,km,Number,Euclidean distance from the municipal geometry to the nearest 2023 coca-density pixel.,Lower original distance means higher risk,UNODC; own GIS calculation,https://geoserver.unodc.org.co/geoserver/Censo/wms?service=WMS&version=1.1.0&request=GetMap&layers=Censo%3Acen_densidad_2023&bbox=-79.00392096125174%2C-0.9980765721349676%2C-68.79985023073613%2C11.221702906715691&width=641&height=768&srs=EPSG%3A4326&styles=&format=application/openlayers,2023; layer Censo:cen_densidad_2023,250 × 250 m pixels; WMS in EPSG:4326; Minimum Euclidean distance by municipality,Euclidean distance calculated by the authors from the municipal geometry to the coca layer.
indice_pena_media_0_100,Security risk input,Criminality or penal-severity index on a 0--100 scale.,Index 0--100,Number,"Weighted municipal crime incidence using mean-sentence weights, normalized to 0–100.",Higher means higher risk,Policía Nacional; Colombian Criminal Code; own calculation,https://www.policia.gov.co/estadistica-delictiva,"Police crime records, 2025",Municipal crime records; Weighted crime incidence normalized to 0–100,Author-constructed 0–100 index from 2025 Police crime counts. Fourteen offenses are weighted in proportion to their mean statutory prison sentence under the Colombian Criminal Code; captures are not penal-weighted.
pocentaje_negro,Socio-territorial profile,Share of population identified in the source as Black or Afro-descendant.,Source proportion,Number,Diverse-population count / total municipal population × 100.,Not assigned to risk,DANE; calculated from CNPV 2018,https://ags.esri.co/arcgis/rest/services/LivingAtlas/Censo_sectores_2018/MapServer,2018,Census microdata/sector service; exact extraction unit not stated; Percentage of total municipal population,Calculated by the authors from DANE total population and the corresponding diverse-population count. The original variable spelling is retained for reproducibility.
pocentaje_raizal,Socio-territorial profile,Share of the Raizal population.,Source proportion,Number,Diverse-population count / total municipal population × 100.,Not assigned to risk,DANE; calculated from CNPV 2018,https://ags.esri.co/arcgis/rest/services/LivingAtlas/Censo_sectores_2018/MapServer,2018,Census microdata/sector service; exact extraction unit not stated; Percentage of total municipal population,Calculated by the authors from DANE total population and the corresponding diverse-population count. The original variable spelling is retained for reproducibility.
pocentaje_gitano,Socio-territorial profile,Share of the Rrom or Gitano population.,Source proportion,Number,Diverse-population count / total municipal population × 100.,Not assigned to risk,DANE; calculated from CNPV 2018,https://ags.esri.co/arcgis/rest/services/LivingAtlas/Censo_sectores_2018/MapServer,2018,Census microdata/sector service; exact extraction unit not stated; Percentage of total municipal population,Calculated by the authors from DANE total population and the corresponding diverse-population count. The original variable spelling is retained for reproducibility.
pocentaje_palanquero,Socio-territorial profile,Share of the Palenquero population.,Source proportion,Number,Diverse-population count / total municipal population × 100.,Not assigned to risk,DANE; calculated from CNPV 2018,https://ags.esri.co/arcgis/rest/services/LivingAtlas/Censo_sectores_2018/MapServer,2018,Census microdata/sector service; exact extraction unit not stated; Percentage of total municipal population,Calculated by the authors from DANE total population and the corresponding diverse-population count. The original variable spelling is retained for reproducibility.
pocentaje_indigena,Socio-territorial profile,Share of the Indigenous population.,Source proportion,Number,Diverse-population count / total municipal population × 100.,Not assigned to risk,DANE; calculated from CNPV 2018,https://ags.esri.co/arcgis/rest/services/LivingAtlas/Censo_sectores_2018/MapServer,2018,Census microdata/sector service; exact extraction unit not stated; Percentage of total municipal population,Calculated by the authors from DANE total population and the corresponding diverse-population count. The original variable spelling is retained for reproducibility.
indice_pena_media_0_100_imputado_para_risk,Derived risk,Criminality index after median imputation for score calculation.,Index 0--100,Number,Missing values replaced with national median.,Higher means higher risk,Policía Nacional; Colombian Criminal Code; own calculation,https://www.policia.gov.co/estadistica-delictiva,"Police crime records, 2025",Municipal crime records; Weighted crime incidence normalized to 0–100,Author-constructed 0–100 index from 2025 Police crime counts. Fourteen offenses are weighted in proportion to their mean statutory prison sentence under the Colombian Criminal Code; captures are not penal-weighted. Missing values are median-imputed for the risk score.
coca_log,Derived risk,Logarithm of coca-crop density.,log(1+ha/km2),Number,log(1+densidad_cultivos_coca_ha_km2).,Higher means higher risk,Derived by VENTO_pipeline_reproducible.ipynb,Repository URL to be added,Inherits the reference periods of source variables,Not applicable; derived municipal output; Municipality / national reference universe as documented,Derived field. Source provenance must be traced to its component variables and the notebook.
cercania_coca,Derived risk,Proximity to coca crops.,Unitless,Number,1/(1+dist_min_coca_km_risk).,Higher means higher risk,Derived by VENTO_pipeline_reproducible.ipynb,Repository URL to be added,Inherits the reference periods of source variables,Not applicable; derived municipal output; Municipality / national reference universe as documented,Derived field. Source provenance must be traced to its component variables and the notebook.
z_indice_pena_media,Derived risk,Population Z-score of the imputed criminality index.,Z-score,Number,(x-mean)/population standard deviation.,Higher means higher risk,Derived by VENTO_pipeline_reproducible.ipynb,Repository URL to be added,Inherits the reference periods of source variables,Not applicable; derived municipal output; Municipality / national reference universe as documented,Derived field. Source provenance must be traced to its component variables and the notebook.
z_cantidad_grupos_armados,Derived risk,Population Z-score of the imputed armed-group count.,Z-score,Number,(x-mean)/population standard deviation.,Higher means higher risk,Derived by VENTO_pipeline_reproducible.ipynb,Repository URL to be added,Inherits the reference periods of source variables,Not applicable; derived municipal output; Municipality / national reference universe as documented,Derived field. Source provenance must be traced to its component variables and the notebook.
z_coca_log,Derived risk,Population Z-score of log coca density.,Z-score,Number,(x-mean)/population standard deviation.,Higher means higher risk,Derived by VENTO_pipeline_reproducible.ipynb,Repository URL to be added,Inherits the reference periods of source variables,Not applicable; derived municipal output; Municipality / national reference universe as documented,Derived field. Source provenance must be traced to its component variables and the notebook.
z_cercania_coca,Derived risk,Population Z-score of coca proximity.,Z-score,Number,(x-mean)/population standard deviation.,Higher means higher risk,Derived by VENTO_pipeline_reproducible.ipynb,Repository URL to be added,Inherits the reference periods of source variables,Not applicable; derived municipal output; Municipality / national reference universe as documented,Derived field. Source provenance must be traced to its component variables and the notebook.
risk_raw_seguridad,Derived risk,Weighted raw security-risk score.,Unitless,Number,0.35*z_penal + 0.30*z_armed + 0.20*z_coca_log + 0.15*z_proximity.,Higher means higher relative risk,Derived by VENTO_pipeline_reproducible.ipynb,Repository URL to be added,Inherits the reference periods of source variables,Not applicable; derived municipal output; Municipality / national reference universe as documented,Derived field. Source provenance must be traced to its component variables and the notebook.
risk_score_01_calculado,Derived risk,Min--max normalized security-risk score.,0--1,Number,"(raw-min)/(max-min) over 1,122 municipalities.",Higher means higher relative risk,Derived by VENTO_pipeline_reproducible.ipynb,Repository URL to be added,Inherits the reference periods of source variables,Not applicable; derived municipal output; Municipality / national reference universe as documented,Derived field. Source provenance must be traced to its component variables and the notebook.
riesgo_categoria,Derived risk,Relative risk category.,Bajo/Medio/Alto,Text,P50=0.28080170; P75=0.39816811 over national universe.,Ordered low to high relative risk,Derived by VENTO_pipeline_reproducible.ipynb,Repository URL to be added,Inherits the reference periods of source variables,Not applicable; derived municipal output; Municipality / national reference universe as documented,Derived field. Source provenance must be traced to its component variables and the notebook.
tipo_abordaje_zona,Derived risk,Preliminary engagement mode associated with the relative category.,Category,Text,Bajo=Presencial; Medio=Presencial con precaucion; Alto=Remota.,More restrictive as relative risk rises,Derived by VENTO_pipeline_reproducible.ipynb,Repository URL to be added,Inherits the reference periods of source variables,Not applicable; derived municipal output; Municipality / national reference universe as documented,Derived field. Source provenance must be traced to its component variables and the notebook.
densidad_pixeles_disponibles_pct_exacta,Territorial availability,Exact availability percentage used for the >15% selection.,%,Number,"pixeles_con_viento × 62,500 m² / area_m2 × 100.",Not assigned to risk,Global Wind Atlas; own GIS calculation,https://globalwindatlas.info/en/area/Colombia,Global Wind Atlas product; extraction period not specified,250 × 250 m pixels; mean wind speed at 50 m; Pixel overlay by municipality,Exact percentage based on wind pixels contained in the municipality.
universo_111_densidad_gt15,Derived risk,Indicator for municipalities with exact availability greater than 15%.,SI/NO,Text,SI when densidad_pixeles_disponibles_pct_exacta > 15.,Not applicable,Derived by VENTO_pipeline_reproducible.ipynb,Repository URL to be added,Inherits the reference periods of source variables,Not applicable; derived municipal output; Municipality / national reference universe as documented,Derived field. Source provenance must be traced to its component variables and the notebook.
check_imputacion_indice_pena_media_0_100,Validation,Imputation status for the criminality index.,Status,Text,Generated by notebook.,Not applicable,Derived by VENTO_pipeline_reproducible.ipynb,Repository URL to be added,Inherits the reference periods of source variables,Not applicable; derived municipal output; Municipality / national reference universe as documented,Derived field. Source provenance must be traced to its component variables and the notebook.
check_cruce_divipola,Validation,Status of the join with the DIVIPOLA reference table.,OK/status,Text,Generated by notebook.,Not applicable,Derived by VENTO_pipeline_reproducible.ipynb,Repository URL to be added,Inherits the reference periods of source variables,Not applicable; derived municipal output; Municipality / national reference universe as documented,Derived field. Source provenance must be traced to its component variables and the notebook.
check_imputacion_risk_score,Validation,Summary imputation flag for any risk component.,Status,Text,Generated by notebook.,Not applicable,Derived by VENTO_pipeline_reproducible.ipynb,Repository URL to be added,Inherits the reference periods of source variables,Not applicable; derived municipal output; Municipality / national reference universe as documented,Derived field. Source provenance must be traced to its component variables and the notebook.
observacion_validacion,Validation,Consolidated validation note for the municipal record.,Text,Text,Generated by notebook.,Not applicable,Derived by VENTO_pipeline_reproducible.ipynb,Repository URL to be added,Inherits the reference periods of source variables,Not applicable; derived municipal output; Municipality / national reference universe as documented,Derived field. Source provenance must be traced to its component variables and the notebook.
